szene;titel;status;direkt_zugeordnet;nur_referenz;fehlt_noch;entscheidung
01;Die junge Erde;Teilbestand – gute Vorschaukandidaten;"Bilder/Altbestand/01_Hintergruende/Vulkanische Küste im Dämmerlicht.png — vorläufiger Hintergrundkandidat | Bilder/Altbestand/02_Effekte_Einzeln/Dampfaufstieg gegen transparenter Hintergrund.png — Dampf | Bilder/Altbestand/02_Effekte_Einzeln/dunkle Rauchwolke mit glühenden Funken.png — kleiner Rauch; sparsam einsetzen | Bilder/Altbestand/02_Effekte_Einzeln/Lava fissures im schwarzen Gestein.png — Glutspalten | Bilder/Altbestand/02_Effekte_Einzeln/Vulkanasche und glühende Funken.png — Asche/Funken | Bilder/Altbestand/02_Effekte_Einzeln/Ausbruch von glühender Lavafontäne.png — Vulkanausbruch; nur zurückhaltend";Bilder/Altbestand/04_Montagen_und_Infotafeln_nur_Referenz/Station 1 – Die Geburt der Erde(1).png | Bilder/Altbestand/04_Montagen_und_Infotafeln_nur_Referenz/Frühstadien der Erde – Konzeptbilder.png | Bilder/Altbestand/04_Montagen_und_Infotafeln_nur_Referenz/Die Geburt der Erde_ Eine Reise in die Vergangenheit.png | Bilder/Altbestand/01_Hintergruende/Feuerplanet im Trümmerfeld.png | Bilder/Altbestand/01_Hintergruende/Kosmische Entstehung eines Sternsystems.png;hintergrund_zeitfelsen_kueste_heute.jpg | objekt_zeitfelsen.png | objekt_kinderhand.png | overlay_goldenes_schimmern.png | endgültig freigegebener Hintergrund hintergrund_junge_erde_gluehend.jpg;Für die technische Vorschau die vulkanische Küste plus vorhandene Dampf-, Rauch- und Glut-Overlays verwenden. Zeitfelsen, Kinderhand und goldenes Schimmern bleiben offen. Keine beschriftete Montage direkt einsetzen.
02;Die Erde kühlt langsam ab;Teilbestand – Vorschau möglich;Bilder/Altbestand/01_Hintergruende/Vulkanische Küste im Dämmerlicht.png — vorläufig derselbe Kameraraum wie Szene 1 | Bilder/Altbestand/02_Effekte_Einzeln/Dampf und Rauch über glühendem Boden.png — Dampf über Lava | Bilder/Altbestand/02_Effekte_Einzeln/Dampfaufstieg gegen transparenter Hintergrund.png — zusätzliche Dampfsäule | Bilder/Altbestand/02_Effekte_Einzeln/Lavafluss über zerklüftetem Boden.png — Lavafluss | Bilder/Altbestand/02_Effekte_Einzeln/Feiner Regen mit durchsichtigen Tropfen.png — einsetzender Regen;Bilder/Altbestand/04_Montagen_und_Infotafeln_nur_Referenz/Prähistorische Landschaften im Zeitraffer.png | Bilder/Altbestand/04_Montagen_und_Infotafeln_nur_Referenz/Frühstadien der Erde – Konzeptbilder.png;endgültiger Hintergrund hintergrund_junge_erde_abkuehlung.jpg | eine zur Küste passende kühlere Bildvariante mit dunklen Wolken;Für die Vorschau denselben Hintergrund wie in Szene 1 verwenden und die Veränderung durch stärkeren Dampf, weniger Glut und einsetzenden Regen zeigen. Die finale kühlere Hintergrundfassung fehlt.
03;Die ersten Ozeane entstehen;Teilbestand – Hintergrund fehlt;Bilder/Altbestand/02_Effekte_Einzeln/Feiner Regen mit durchsichtigen Tropfen.png — starker Regen | Bilder/Altbestand/02_Effekte_Einzeln/Dampfaufstieg gegen transparenter Hintergrund.png — Restdampf über heißen Flächen;Bilder/Altbestand/04_Montagen_und_Infotafeln_nur_Referenz/Prähistorische Landschaften im Zeitraffer.png | Bilder/Altbestand/04_Montagen_und_Infotafeln_nur_Referenz/Station 4 – Das Erwachen des Lebens.png;hintergrund_urmeer_entstehung.jpg | overlay_wasserwellen.png | overlay_sonnenstrahl.png;Regen und Restdampf können übernommen werden. Ein einzelnes, textfreies Urmeerbild mit identischem Kamerawinkel zu Szene 2 wird weiterhin benötigt.
04;Die Ursuppe;Teilbestand – nur Effekte vorhanden;Bilder/Altbestand/02_Effekte_Einzeln/Dampfaufstieg gegen transparenter Hintergrund.png — dezenter Hintergrunddampf | Bilder/Altbestand/02_Effekte_Einzeln/Wärmeflimmern auf transparentem Hintergrund.png — Luftflimmern über heißen Steinen;Bilder/Altbestand/04_Montagen_und_Infotafeln_nur_Referenz/Station 4 – Das Erwachen des Lebens.png | Bilder/Altbestand/04_Montagen_und_Infotafeln_nur_Referenz/Prähistorische Landschaften im Zeitraffer.png;hintergrund_ursuppe_lagune.jpg | overlay_wasserwellen.png | overlay_gasblasen_klein.png | overlay_organisches_schimmern.png;Dampf und Wärmeflimmern sind brauchbar. Die warme, flache Lagune und die Wasser-/Moleküleffekte fehlen als Einzeldateien.
05;Die erste Zelle;Kein direkt verwendbarer Einzelbestand;;Bilder/Altbestand/04_Montagen_und_Infotafeln_nur_Referenz/Station 4 – Das Erwachen des Lebens.png | Bilder/Altbestand/04_Montagen_und_Infotafeln_nur_Referenz/Von einfach zu komplex_ Die Reise des Lebens.png | Bilder/Altbestand/04_Montagen_und_Infotafeln_nur_Referenz/Von einfachem Leben zu Vielfalt.png;hintergrund_lagune_unterwasser_mikro.jpg | objekt_lavagestein_mineralien.png | objekt_zellblase_mit_membran.png | overlay_mineralpartikel.png | overlay_gasblasen_klein.png | overlay_lichtstrahlen_unterwasser.png;Die Übersichtstafeln dienen nur als Stil- und Inhaltsreferenz. Für die Szene werden eigenständige, unbeschriftete Mikro- und Zellmotive benötigt.
06;Das Leben breitet sich aus;Kein direkt verwendbarer Einzelbestand;;Bilder/Altbestand/04_Montagen_und_Infotafeln_nur_Referenz/Von einfach zu komplex_ Die Reise des Lebens.png | Bilder/Altbestand/04_Montagen_und_Infotafeln_nur_Referenz/Von einfachem Leben zu Vielfalt.png | Bilder/Altbestand/04_Montagen_und_Infotafeln_nur_Referenz/Station 7 – Die Reise des Lebens.png;hintergrund_lagune_unterwasser_mikro.jpg | objekt_lavagestein_mineralien.png | objekt_einzelle_einfach.png | objekt_biofilm.png | objekt_zellkolonie.png | overlay_mineralpartikel.png;Keine Montage ausschneiden oder als fertige Szene verwenden. Einzelzellen, Biofilm und Zellkolonie fehlen.
07;Die Erfinder des Sauerstoffs;Nur Referenzbestand;;Bilder/Altbestand/04_Montagen_und_Infotafeln_nur_Referenz/Sauerstoffrevolution_ Die Erde verändert sich.png | Bilder/Altbestand/04_Montagen_und_Infotafeln_nur_Referenz/Station 7 – Die Reise des Lebens.png | Bilder/Altbestand/04_Montagen_und_Infotafeln_nur_Referenz/Von einfach zu komplex_ Die Reise des Lebens.png;hintergrund_flaches_urmeer_unterwasser.jpg | objekt_cyanobakterienmatte.png | objekt_stromatolith.png | overlay_gasblasen_klein.png | overlay_mineralpartikel.png | overlay_lichtstrahlen_unterwasser.png;Die vorhandenen Tafeln zeigen die gewünschte Themenwelt, enthalten aber eingebauten Text und mehrere Teilbilder. Nicht direkt einsetzen.
08;Die Sauerstoff-Revolution;Nur Referenzbestand;;Bilder/Altbestand/04_Montagen_und_Infotafeln_nur_Referenz/Sauerstoffrevolution_ Die Erde verändert sich.png | Bilder/Altbestand/04_Montagen_und_Infotafeln_nur_Referenz/Station 7 – Die Reise des Lebens.png;hintergrund_erde_sauerstoffwende.jpg | overlay_atmosphaere_gelblich.png | overlay_atmosphaere_blau.png;Die Sauerstofftafel ist Referenz, kein Hintergrundbild. Für die Szene fehlen eine textfreie Erde und die beiden Atmosphärenzustände.
09;Die Revolution in der Zelle;Nur Referenzbestand;;Bilder/Altbestand/04_Montagen_und_Infotafeln_nur_Referenz/Von einfach zu komplex_ Die Reise des Lebens.png | Bilder/Altbestand/04_Montagen_und_Infotafeln_nur_Referenz/Station 7 – Die Reise des Lebens.png | Bilder/Altbestand/04_Montagen_und_Infotafeln_nur_Referenz/Von einfachem Leben zu Vielfalt.png;hintergrund_mikrowelt_komplexe_zellen.jpg | objekt_zelle_gross.png | objekt_bakterium_klein.png | objekt_mitochondrium.png | overlay_mineralpartikel.png | overlay_gasblasen_klein.png | overlay_lichtstrahlen_unterwasser.png;Die Endosymbiose braucht getrennte, bewegliche Einzelobjekte. Solche Dateien sind im Altbestand nicht enthalten.
10;Die ersten komplexen Lebewesen;Nur Referenzbestand;;Bilder/Altbestand/04_Montagen_und_Infotafeln_nur_Referenz/Von einfach zu komplex_ Die Reise des Lebens.png | Bilder/Altbestand/04_Montagen_und_Infotafeln_nur_Referenz/Von einfachem Leben zu Vielfalt.png | Bilder/Altbestand/04_Montagen_und_Infotafeln_nur_Referenz/Station 7 – Die Reise des Lebens.png;hintergrund_mikrowelt_komplexe_zellen.jpg | objekt_eukaryot_kugelig.png | objekt_eukaryot_laenglich.png | objekt_eukaryot_mit_geissel.png | objekt_eukaryot_mit_fortsaetzen.png | objekt_einzelle_einfach.png | objekt_zellkolonie.png | overlay_mineralpartikel.png | overlay_lichtstrahlen_unterwasser.png;"Die vorhandenen Übersichten sind lediglich Vorlagen für Form, Farbe und biologische Vielfalt; nicht direkt verwenden."
11;Die ersten Vielzeller;Nur Referenzbestand;;Bilder/Altbestand/04_Montagen_und_Infotafeln_nur_Referenz/Station 7 – Die Reise des Lebens.png | Bilder/Altbestand/04_Montagen_und_Infotafeln_nur_Referenz/Von einfach zu komplex_ Die Reise des Lebens.png | Bilder/Altbestand/04_Montagen_und_Infotafeln_nur_Referenz/Von einfachem Leben zu Vielfalt.png;hintergrund_flaches_urmeer_unterwasser.jpg | objekt_einzelle_einfach.png | objekt_zellkolonie.png | objekt_zellverband.png | objekt_fadenalge.png | overlay_gasblasen_klein.png | overlay_lichtstrahlen_unterwasser.png;"Für die geplante Wachstumsanimation werden Einzelobjekte benötigt; die Übersichten können dafür nicht direkt zerlegt werden."
12;Die ersten Tiere;Nur Referenzbestand;;Bilder/Altbestand/04_Montagen_und_Infotafeln_nur_Referenz/Von einfachem Leben zu Vielfalt.png | Bilder/Altbestand/04_Montagen_und_Infotafeln_nur_Referenz/Die Entwicklung des frühen Lebens.png;hintergrund_meeresboden_ediacara_kambrium.jpg | objekt_schwamm_einfach.png | objekt_nesseltier_einfach.png | objekt_ediacara_organismen_set.png | overlay_lichtstrahlen_unterwasser.png;Keine vorhandene Einzeldatei zeigt die benötigten Ediacara-Organismen. Die schwierige wissenschaftliche Einordnung aus der Muster-Episode bleibt verbindlich.
13;Die Kambrische Explosion;Nur Referenzbestand;;Bilder/Altbestand/04_Montagen_und_Infotafeln_nur_Referenz/Die Entwicklung des frühen Lebens.png | Bilder/Altbestand/04_Montagen_und_Infotafeln_nur_Referenz/Von einfachem Leben zu Vielfalt.png;hintergrund_meeresboden_ediacara_kambrium.jpg | objekt_trilobit.png | objekt_anomalocaris.png | objekt_wurm_meeresboden.png | objekt_stachelhaeuter_frueh.png | objekt_gliederfuesser_frueh_meer.png | overlay_lichtstrahlen_unterwasser.png;Die vorhandene Kambrien-Tafel ist eine nützliche Referenz, wegen Beschriftungen und Mehrfachmotiven aber kein Produktionsbild.
14;Der Sprung an Land;Nur Referenzbestand;;Bilder/Altbestand/04_Montagen_und_Infotafeln_nur_Referenz/Entstehung von Leben im Silur.png | Bilder/Altbestand/04_Montagen_und_Infotafeln_nur_Referenz/Silur – Das Leben kommt ins Wasser.png;hintergrund_fruehe_landkueste.jpg | objekt_landpflanzen_frueh.png | objekt_algenmatte_landkueste.png | objekt_pilzfaeden.png | objekt_ur_gliederfuesser.png;Die Silur-Tafeln sind Themenreferenz. Die frühe Landküste und sämtliche einzeln animierbaren Organismen fehlen.
15;Die ersten Tiere an Land;Nur Referenzbestand;;Bilder/Altbestand/04_Montagen_und_Infotafeln_nur_Referenz/Entstehung von Leben im Silur.png | Bilder/Altbestand/04_Montagen_und_Infotafeln_nur_Referenz/Silur – Das Leben kommt ins Wasser.png;hintergrund_fruehe_landkueste.jpg | objekt_landpflanzen_dichter.png | objekt_farn_vordergrund.png | objekt_tausendfuesser_frueh.png | objekt_spinnentier_frueh.png | objekt_ur_gliederfuesser.png;Der gemeinsame Hintergrund mit Szene 14 und alle beweglichen Landtier-Objekte müssen noch bereitgestellt werden.
16;Wirbeltiere erobern das Land;Nur Referenzbestand;;Bilder/Altbestand/04_Montagen_und_Infotafeln_nur_Referenz/Devon_ Das Zeitalter der Fischvielfalt.png;hintergrund_sumpfufer_devon.jpg | objekt_farn_vordergrund.png | objekt_tiktaalik.png | objekt_libelle_urzeit.png | objekt_amphibium_frueh.png;Die Devon-Tafel ist Referenz. Tiktaalik muss gemäß Muster-Episode als Flachwasserfisch dargestellt werden, nicht als fertiges Landtier.
17;Das Ei, das die Welt veränderte;Nur Referenzbestand;;Bilder/Altbestand/04_Montagen_und_Infotafeln_nur_Referenz/Karbon_ Wälder, Insekten und Reptilien.png;hintergrund_sumpfwald_karbon.jpg | objekt_farn_vordergrund.png | objekt_libelle_urzeit.png | objekt_amniot_frueh.png | objekt_amnioteneier.png;Die Karbon-Tafel legt Atmosphäre und Farbwelt nahe, darf aber nicht als Szene verwendet werden. Einzelobjekte fehlen.
18;Die Herrscher der Erde;Teilbestand – Nebel und Schatten vorhanden;Bilder/Altbestand/02_Effekte_Einzeln/Zarte Dampfwolke vor transparentem Hintergrund.png — vorläufiger Morgennebel | Bilder/Altbestand/02_Effekte_Einzeln/Diffuses Wolkenschatten auf transparentem Hintergrund.png — vorüberziehender Schatten;Bilder/Altbestand/04_Montagen_und_Infotafeln_nur_Referenz/Kreidezeit_ Blütenpflanzen und Dinosaurier.png;hintergrund_flusslandschaft_dinosaurierzeit.jpg | objekt_dinosaurier_pflanzenfresser.png | objekt_dinosaurier_jungtier.png | objekt_dinosaurier_herde.png | objekt_dinosaurier_fleischfresser_fern.png | objekt_flugsaurier.png | objekt_ginkgo.png | objekt_libelle_urzeit.png;Nebel und Schatten können getestet werden. Dinosaurier, Vegetation und gemeinsamer Hintergrund mit Szene 19 fehlen vollständig.
19;Der Tag, an dem sich alles änderte;Teilbestand – Staub und Schatten vorhanden;Bilder/Altbestand/02_Effekte_Einzeln/Diffuses Wolkenschatten auf transparentem Hintergrund.png — symbolischer Schatten | Bilder/Altbestand/02_Effekte_Einzeln/Staubwolke auf transparentem Hintergrund.png — Staub/Asche nach der Schwarzblende;Bilder/Altbestand/04_Montagen_und_Infotafeln_nur_Referenz/Kreidezeit_ Blütenpflanzen und Dinosaurier.png;hintergrund_flusslandschaft_dinosaurierzeit.jpg | overlay_morgennebel.png | sämtliche Dinosaurier- und Flugsaurierobjekte aus Szene 18 | overlay_asteroid_lichtpunkt.png | overlay_einschlag_lichtblitz.png | finales overlay_staub_und_asche.png;Die großen Feuerball-, Meteor- und Explosionsbilder des Altbestands werden hier ausdrücklich nicht eingesetzt. Sie widersprechen der ruhigen, ernsten Regieentscheidung ohne sichtbares Katastrophenspektakel.
20;Eine neue Chance;Teilbestand – Staub/Nebel vorhanden;Bilder/Altbestand/02_Effekte_Einzeln/Staubwolke auf transparentem Hintergrund.png — Staub/Asche | Bilder/Altbestand/02_Effekte_Einzeln/Dichte Dampfwolke auf transparentem Hintergrund.png — ziehende Aschewolke, sehr zurückhaltend | Bilder/Altbestand/02_Effekte_Einzeln/Zarte Dampfwolke vor transparentem Hintergrund.png — sich lichtender Nebel;;hintergrund_flusslandschaft_nach_einschlag.jpg | objekt_zeitfelsen.png | overlay_asche_auf_zeitfelsen.png | finales overlay_staub_und_asche.png | objekt_saeugetier_klein.png;Vorhandene graue Overlays eignen sich für die technische Vorschau. Hintergrund, Zeitfelsen und Säugetier fehlen.
21;Ein kleiner Schritt für ein Säugetier;Nur entfernte Referenz;;Bilder/Altbestand/04_Montagen_und_Infotafeln_nur_Referenz/Pliozän_ Zeitalter der offenen Landschaften.png;hintergrund_junger_wald_saeugetiere.jpg | objekt_zeitfelsen.png | objekt_saeugetier_klein.png | objekt_saeugetier_jungtier.png | objekt_bluetenpflanzen.png | objekt_singvogel.png | objekt_insekt_auf_bluete.png;Die Pliozän-Tafel ist zeitlich nicht passend und höchstens eine entfernte Landschaftsreferenz. Für die Szene werden eigene textfreie Motive benötigt.
22;Ein Wimpernschlag;Nur Referenzbestand;;Bilder/Altbestand/04_Montagen_und_Infotafeln_nur_Referenz/Station 22 – Holocän_ Zeitalter des Menschen.png | Bilder/Altbestand/04_Montagen_und_Infotafeln_nur_Referenz/Anthropozän_ Der Einfluss des Menschen.png;hintergrund_zeitfelsen_kueste_heute.jpg | objekt_zeitfelsen.png | objekt_kinderhand.png | overlay_goldenes_schimmern.png | objekt_gras_und_blumen_heute.png | objekt_schmetterlinge.png | objekt_buntspecht.png | objekt_hummeln.png;Die Tafeln dienen nur als Themenreferenz. Das Schlussbild braucht dieselbe heutige Küste, denselben Zeitfelsen, dieselbe Kinderhand und dasselbe goldene Schimmern wie der Anfang. Keine vollständige Person zeigen.
